Framework,Use Case,Ease of Use,Flexibility,Scalability,Integration Capabilities,Security,Specialization,Cost Efficiency,Open Source vs. Proprietary,Support and Documentation,Performance,Popularity and Adoption,GitHub Stars,Latest Update
LangChain,High,Moderate,Very High,Very High,Excellent,High,High,Moderate,Open Source,High,High,Very High,100K+,Strong focus on RAG and enterprise features
CrewAI,High,Moderate,Very High,High,Excellent,Very High,High,Moderate,Open Source,High,High,High,28.7K+,Improved task delegation and agent collaboration
Flowise,High,Very High,Moderate,Moderate,Good,High,High,Moderate,Open Source,High,High,High,36.4K+,Added LlamaIndex integration
Zapier,Very High,Very High,Very High,Very High,Excellent,Very High,Very High,Low,Proprietary,Excellent,Very High,Very High,N/A,Enhanced AI capabilities
Pabbly Connect,Moderate,High,Moderate,Moderate,Good,High,Moderate,Good,Proprietary,High,Moderate,Moderate,N/A,Expanded app integrations
LlamaIndex,Very High,High,Very High,Very High,Excellent,High,Very High,Moderate,Open Source,High,Very High,High,18.2K+,Advanced RAG capabilities
Composio,Very High,High,Very High,Very High,Excellent,Very High,Very High,Moderate,Mixed,High,Very High,High,24.4K+,250+ tool integrations
CAMEL,Very High,Moderate,Very High,Very High,Excellent,High,Very High,High,Open Source,High,Very High,High,10.8K+,Improved research capabilities
aixplain,High,Moderate,High,High,Excellent,Very High,High,Moderate,Proprietary,High,High,Moderate,40+,Enhanced AI development features
Microsoft AutoGen,Very High,High,Very High,Very High,Excellent,Very High,Very High,Moderate,Open Source,Excellent,Very High,Very High,40K+,Advanced agent orchestration
SuperAGI,Very High,High,Very High,Very High,Excellent,Very High,Very High,Moderate,Open Source,High,Very High,High,16K+,Improved marketplace integration
